﻿<?xml version="1.0" encoding="utf-8" ?>
<hibernate-configuration  xmlns="urn:nhibernate-configuration-2.2" >
	<session-factory>
		<property name="connection.provider">NHibernate.Connection.DriverConnectionProvider</property>
		<property name="dialect">NHibernate.Dialect.PostgreSQL83Dialect</property>
		<property name="connection.driver_class">NHibernate.Driver.NpgsqlDriver</property>
		<property name="connection.connection_string">
			Server=localhost;Database=UDP;User ID=postgres;Password=postgres;Enlist=true;
		</property>
		<property name="show_sql">true</property>
		<mapping assembly="UDPCommunication.Data"/>
	</session-factory>
</hibernate-configuration>